{
    "metrics": {
        "http_req_failed": {
            "passes": 6,
            "fails": 19,
            "value": 0.24
        },
        "http_req_duration": {
            "p(90)": 180685.55726080004,
            "p(95)": 212809.67734799994,
            "avg": 136971.13316312002,
            "min": 46.744254,
            "med": 151631.837313,
            "max": 220433.78505
        },
        "http_req_sending": {
            "p(90)": 0.1483916,
            "p(95)": 0.16934279999999993,
            "avg": 0.10678288,
            "min": 0.064232,
            "med": 0.093707,
            "max": 0.244102
        },
        "http_req_receiving": {
            "p(90)": 6282.562794800001,
            "p(95)": 24409.179931599938,
            "avg": 4974.2539428,
            "min": 0.051986,
            "med": 2902.898715,
            "max": 30724.876523
        },
        "vus": {
            "max": 5,
            "value": 1,
            "min": 1
        },
        "http_req_tls_handshaking": {
            "p(95)": 14.7865424,
            "avg": 2.89685208,
            "min": 0,
            "med": 0,
            "max": 14.918019,
            "p(90)": 14.4829576
        },
        "http_reqs": {
            "count": 25,
            "rate": 0.032671639193334934
        },
        "http_req_blocked": {
            "avg": 7.889952440000001,
            "min": 0.001951,
            "med": 0.002528,
            "max": 40.219728,
            "p(90)": 39.2698326,
            "p(95)": 39.9055962
        },
        "data_sent": {
            "count": 8432804,
            "rate": 11020.541187044464
        },
        "vus_max": {
            "value": 5,
            "min": 5,
            "max": 5
        },
        "http_req_connecting": {
            "avg": 2.25732416,
            "min": 0,
            "med": 0,
            "max": 11.611081,
            "p(90)": 11.2823396,
            "p(95)": 11.5612928
        },
        "iteration_duration": {
            "p(95)": 213810.86295699992,
            "avg": 137979.89949244,
            "min": 1047.154306,
            "med": 152672.571802,
            "max": 221434.613448,
            "p(90)": 181686.58992140004
        },
        "http_req_duration{expected_response:true}": {
            "avg": 149462.46984431578,
            "min": 93195.000531,
            "med": 151858.525792,
            "max": 190315.954204,
            "p(90)": 156264.28163639997,
            "p(95)": 168647.56108179994
        },
        "http_req_waiting": {
            "avg": 131996.77243744,
            "min": 46.548235,
            "med": 146579.781595,
            "max": 218432.96047,
            "p(90)": 161399.87074779999,
            "p(95)": 184049.53124819993
        },
        "iterations": {
            "count": 25,
            "rate": 0.032671639193334934
        },
        "data_received": {
            "count": 6120588148,
            "rate": 7998785.904898324
        }
    },
    "root_group": {
        "name": "",
        "path": "",
        "id": "d41d8cd98f00b204e9800998ecf8427e",
        "groups": {},
        "checks": {}
    }
}