{
    "root_group": {
        "name": "",
        "path": "",
        "id": "d41d8cd98f00b204e9800998ecf8427e",
        "groups": {},
        "checks": {}
    },
    "metrics": {
        "http_reqs": {
            "rate": 0.012811216425396094,
            "count": 25
        },
        "http_req_sending": {
            "min": 0.054739,
            "med": 0.079538,
            "max": 0.310765,
            "p(90)": 0.1531544,
            "p(95)": 0.1569924,
            "avg": 0.09813808
        },
        "http_req_waiting": {
            "avg": 389270.31839107996,
            "min": 48.087181,
            "med": 600045.697806,
            "max": 600082.433259,
            "p(90)": 600078.0595869999,
            "p(95)": 600080.5371358
        },
        "iterations": {
            "count": 25,
            "rate": 0.012811216425396094
        },
        "http_req_connecting": {
            "med": 0,
            "max": 11.569983,
            "p(90)": 11.4812786,
            "p(95)": 11.5058314,
            "avg": 2.27463784,
            "min": 0
        },
        "http_req_blocked": {
            "p(90)": 39.9614878,
            "p(95)": 40.0488954,
            "avg": 7.97711356,
            "min": 0.001917,
            "med": 0.002204,
            "max": 40.336747
        },
        "http_req_receiving": {
            "p(95)": 0.1757673999999999,
            "avg": 0.08896556000000003,
            "min": 0.039222,
            "med": 0.083304,
            "max": 0.201857,
            "p(90)": 0.14072260000000003
        },
        "http_req_tls_handshaking": {
            "max": 14.872937,
            "p(90)": 14.6785784,
            "p(95)": 14.7164988,
            "avg": 2.9298924,
            "min": 0,
            "med": 0
        },
        "http_req_duration{expected_response:true}": {
            "p(95)": 600047.616333,
            "avg": 600047.616333,
            "min": 600047.616333,
            "med": 600047.616333,
            "max": 600047.616333,
            "p(90)": 600047.616333
        },
        "http_req_failed": {
            "passes": 24,
            "fails": 1,
            "value": 0.96
        },
        "http_req_duration": {
            "avg": 389270.50549472007,
            "min": 48.366853,
            "med": 600045.793918,
            "max": 600082.563234,
            "p(90)": 600078.2003998001,
            "p(95)": 600080.6684894
        },
        "vus_max": {
            "value": 5,
            "min": 5,
            "max": 5
        },
        "data_sent": {
            "count": 15700,
            "rate": 8.045443915148747
        },
        "data_received": {
            "count": 44125,
            "rate": 22.611796990824107
        },
        "vus": {
            "value": 5,
            "min": 5,
            "max": 5
        },
        "iteration_duration": {
            "p(95)": 601081.8875265999,
            "avg": 390279.34965084004,
            "min": 1048.996592,
            "med": 601047.016057,
            "max": 601083.194196,
            "p(90)": 601078.681867
        }
    }
}