{
    "root_group": {
        "name": "",
        "path": "",
        "id": "d41d8cd98f00b204e9800998ecf8427e",
        "groups": {},
        "checks": {}
    },
    "metrics": {
        "http_req_duration": {
            "med": 3530.561962,
            "max": 3705.590175,
            "p(90)": 3656.0212674,
            "p(95)": 3680.8057212,
            "avg": 3549.0547500000002,
            "min": 3431.340888
        },
        "data_received": {
            "count": 56043057,
            "rate": 2460676.2737969602
        },
        "http_req_sending": {
            "med": 0.126558,
            "max": 0.199884,
            "p(90)": 0.1759148,
            "p(95)": 0.1878994,
            "avg": 0.13623500000000002,
            "min": 0.093829
        },
        "vus_max": {
            "value": 1,
            "min": 1,
            "max": 1
        },
        "http_req_waiting": {
            "avg": 3349.2359252,
            "min": 3241.316092,
            "med": 3341.050547,
            "max": 3483.564959,
            "p(90)": 3442.3333817999996,
            "p(95)": 3462.9491703999997
        },
        "http_req_blocked": {
            "avg": 4.9082984,
            "min": 0.001999,
            "med": 0.002229,
            "max": 24.532776,
            "p(90)": 14.720594400000001,
            "p(95)": 19.626685199999994
        },
        "data_sent": {
            "count": 59537,
            "rate": 2614.084440701542
        },
        "http_reqs": {
            "count": 5,
            "rate": 0.21953444418609788
        },
        "http_req_failed": {
            "fails": 5,
            "passes": 0,
            "value": 0
        },
        "iteration_duration": {
            "p(95)": 4701.7530394,
            "avg": 4555.0146116000005,
            "min": 4432.232395,
            "med": 4531.743687,
            "max": 4731.487032,
            "p(90)": 4672.0190468
        },
        "http_req_connecting": {
            "p(95)": 7.933486399999998,
            "avg": 1.9833716,
            "min": 0,
            "med": 0,
            "max": 9.916858,
            "p(90)": 5.950114800000001
        },
        "http_req_duration{expected_response:true}": {
            "p(90)": 3656.0212674,
            "p(95)": 3680.8057212,
            "avg": 3549.0547500000002,
            "min": 3431.340888,
            "med": 3530.561962,
            "max": 3705.590175
        },
        "http_req_receiving": {
            "max": 221.825332,
            "p(90)": 213.5304236,
            "p(95)": 217.6778778,
            "avg": 199.68258980000002,
            "min": 189.384857,
            "med": 196.210846
        },
        "iterations": {
            "count": 5,
            "rate": 0.21953444418609788
        },
        "vus": {
            "value": 1,
            "min": 1,
            "max": 1
        },
        "http_req_tls_handshaking": {
            "avg": 2.7373552,
            "min": 0,
            "med": 0,
            "max": 13.686776,
            "p(90)": 8.2120656,
            "p(95)": 10.949420799999997
        }
    }
}