{
    "root_group": {
        "name": "",
        "path": "",
        "id": "d41d8cd98f00b204e9800998ecf8427e",
        "groups": {},
        "checks": {}
    },
    "metrics": {
        "http_req_duration{expected_response:true}": {
            "avg": 1792.3259620000001,
            "min": 1737.868833,
            "med": 1781.001551,
            "max": 1909.677542,
            "p(90)": 1863.4056575999998,
            "p(95)": 1886.5415997999999
        },
        "data_received": {
            "count": 26488653,
            "rate": 1891030.6115601521
        },
        "vus": {
            "max": 1,
            "value": 1,
            "min": 1
        },
        "http_req_tls_handshaking": {
            "p(90)": 8.932611600000001,
            "p(95)": 11.910148799999998,
            "avg": 2.9775372,
            "min": 0,
            "med": 0,
            "max": 14.887686
        },
        "http_reqs": {
            "count": 5,
            "rate": 0.35695107100390344
        },
        "http_req_blocked": {
            "avg": 8.245384,
            "min": 0.002012,
            "med": 0.002096,
            "max": 41.218054,
            "p(90)": 24.731901200000006,
            "p(95)": 32.974977599999995
        },
        "iterations": {
            "count": 5,
            "rate": 0.35695107100390344
        },
        "http_req_sending": {
            "max": 0.190595,
            "p(90)": 0.1702286,
            "p(95)": 0.18041179999999998,
            "avg": 0.1287672,
            "min": 0.084723,
            "med": 0.123047
        },
        "vus_max": {
            "value": 1,
            "min": 1,
            "max": 1
        },
        "http_req_waiting": {
            "avg": 1681.0319987999999,
            "min": 1630.61108,
            "med": 1675.747944,
            "max": 1787.58532,
            "p(90)": 1743.946604,
            "p(95)": 1765.765962
        },
        "http_req_duration": {
            "p(95)": 1886.5415997999999,
            "avg": 1792.3259620000001,
            "min": 1737.868833,
            "med": 1781.001551,
            "max": 1909.677542,
            "p(90)": 1863.4056575999998
        },
        "iteration_duration": {
            "p(95)": 2896.0171538,
            "avg": 2801.4356246,
            "min": 2738.519248,
            "med": 2781.656488,
            "max": 2911.094867,
            "p(90)": 2880.9394406
        },
        "http_req_connecting": {
            "p(95)": 9.487097599999998,
            "avg": 2.3717744,
            "min": 0,
            "med": 0,
            "max": 11.858872,
            "p(90)": 7.115323200000001
        },
        "http_req_receiving": {
            "p(95)": 120.6697404,
            "avg": 111.165196,
            "min": 105.147815,
            "med": 107.118074,
            "max": 122.007499,
            "p(90)": 119.3319818
        },
        "data_sent": {
            "count": 39825,
            "rate": 2843.115280546091
        },
        "http_req_failed": {
            "fails": 5,
            "passes": 0,
            "value": 0
        }
    }
}