{
    "root_group": {
        "path": "",
        "id": "d41d8cd98f00b204e9800998ecf8427e",
        "groups": {},
        "checks": {},
        "name": ""
    },
    "metrics": {
        "http_req_receiving": {
            "avg": 2263.2591273999997,
            "min": 1296.97893,
            "med": 1935.487252,
            "max": 4053.458188,
            "p(90)": 3497.212336,
            "p(95)": 3775.3352619999996
        },
        "data_received": {
            "count": 1539887800,
            "rate": 3378450.5059771556
        },
        "http_req_duration{expected_response:true}": {
            "med": 91599.673308,
            "max": 92472.83547,
            "p(90)": 92244.5874336,
            "p(95)": 92358.7114518,
            "avg": 90153.15804919999,
            "min": 86029.898856
        },
        "http_req_sending": {
            "avg": 0.1164064,
            "min": 0.077262,
            "med": 0.116465,
            "max": 0.159696,
            "p(90)": 0.1516852,
            "p(95)": 0.1556906
        },
        "http_req_failed": {
            "passes": 0,
            "fails": 5,
            "value": 0
        },
        "http_req_tls_handshaking": {
            "min": 0,
            "med": 0,
            "max": 13.933519,
            "p(90)": 8.360111400000001,
            "p(95)": 11.146815199999997,
            "avg": 2.7867038
        },
        "http_req_waiting": {
            "p(95)": 90873.43734060001,
            "avg": 87889.7825154,
            "min": 83366.915629,
            "med": 87848.597495,
            "max": 91175.779278,
            "p(90)": 90571.0954032
        },
        "http_req_connecting": {
            "avg": 1.9869527999999999,
            "min": 0,
            "med": 0,
            "max": 9.934764,
            "p(90)": 5.9608584,
            "p(95)": 7.947811199999998
        },
        "iterations": {
            "count": 5,
            "rate": 0.01096979437715253
        },
        "data_sent": {
            "count": 2002215,
            "rate": 4392.77736977009
        },
        "http_reqs": {
            "count": 5,
            "rate": 0.01096979437715253
        },
        "vus": {
            "min": 1,
            "max": 1,
            "value": 1
        },
        "http_req_blocked": {
            "p(90)": 15.352901000000001,
            "p(95)": 20.469713999999996,
            "avg": 5.119102,
            "min": 0.002042,
            "med": 0.002324,
            "max": 25.586527
        },
        "iteration_duration": {
            "med": 92600.646844,
            "max": 93474.328394,
            "p(90)": 93256.1058636,
            "p(95)": 93365.2171288,
            "avg": 91159.3406278,
            "min": 87030.677758
        },
        "vus_max": {
            "max": 1,
            "value": 1,
            "min": 1
        },
        "http_req_duration": {
            "p(90)": 92244.5874336,
            "p(95)": 92358.7114518,
            "avg": 90153.15804919999,
            "min": 86029.898856,
            "med": 91599.673308,
            "max": 92472.83547
        }
    }
}