{
    "metrics": {
        "http_reqs": {
            "count": 5,
            "rate": 0.003621631944943353
        },
        "http_req_failed": {
            "fails": 5,
            "passes": 0,
            "value": 0
        },
        "http_req_blocked": {
            "min": 0.002029,
            "med": 0.002395,
            "max": 28.042569,
            "p(90)": 16.826506600000002,
            "p(95)": 22.434537799999994,
            "avg": 5.6103284
        },
        "iterations": {
            "count": 5,
            "rate": 0.003621631944943353
        },
        "data_sent": {
            "count": 5993946,
            "rate": 4341.573261973086
        },
        "http_req_tls_handshaking": {
            "min": 0,
            "med": 0,
            "max": 15.105239,
            "p(90)": 9.063143400000001,
            "p(95)": 12.084191199999996,
            "avg": 3.0210478
        },
        "data_received": {
            "count": 4509701213,
            "rate": 3266495.595030118
        },
        "vus": {
            "value": 1,
            "min": 1,
            "max": 1
        },
        "http_req_sending": {
            "max": 0.201355,
            "p(90)": 0.1741262,
            "p(95)": 0.18774059999999998,
            "avg": 0.1268666,
            "min": 0.086114,
            "med": 0.121655
        },
        "http_req_duration": {
            "min": 260002.351254,
            "med": 276605.419829,
            "max": 287214.326115,
            "p(90)": 283215.7361414,
            "p(95)": 285215.0311282,
            "avg": 275111.7829028
        },
        "iteration_duration": {
            "min": 261031.76981,
            "med": 277606.506397,
            "max": 288215.605536,
            "p(90)": 284216.8548248,
            "p(95)": 286216.2301804,
            "avg": 276118.54582800006
        },
        "http_req_connecting": {
            "min": 0,
            "med": 0,
            "max": 12.121226,
            "p(90)": 7.272735600000001,
            "p(95)": 9.696980799999999,
            "avg": 2.4242452
        },
        "http_req_waiting": {
            "min": 250771.908604,
            "med": 268035.170776,
            "max": 278248.843861,
            "p(90)": 274258.6813658,
            "p(95)": 276253.7626134,
            "avg": 266274.07317359996
        },
        "http_req_receiving": {
            "avg": 8837.5828626,
            "min": 8477.827848,
            "med": 8944.321632,
            "max": 9230.241295,
            "p(90)": 9124.303233,
            "p(95)": 9177.272264
        },
        "vus_max": {
            "value": 1,
            "min": 1,
            "max": 1
        },
        "http_req_duration{expected_response:true}": {
            "p(95)": 285215.0311282,
            "avg": 275111.7829028,
            "min": 260002.351254,
            "med": 276605.419829,
            "max": 287214.326115,
            "p(90)": 283215.7361414
        }
    },
    "root_group": {
        "name": "",
        "path": "",
        "id": "d41d8cd98f00b204e9800998ecf8427e",
        "groups": {},
        "checks": {}
    }
}