{
    "metrics": {
        "http_reqs": {
            "count": 5,
            "rate": 0.13303357446318975
        },
        "http_req_tls_handshaking": {
            "p(95)": 11.555188799999998,
            "avg": 2.8887972,
            "min": 0,
            "med": 0,
            "max": 14.443986,
            "p(90)": 8.666391600000003
        },
        "http_req_duration": {
            "med": 6498.9553,
            "max": 6600.494715,
            "p(90)": 6586.411134999999,
            "p(95)": 6593.452925,
            "avg": 6510.419450799999,
            "min": 6436.203904
        },
        "vus": {
            "value": 1,
            "min": 1,
            "max": 1
        },
        "http_req_connecting": {
            "med": 0,
            "max": 11.625051,
            "p(90)": 6.9750306,
            "p(95)": 9.300040799999998,
            "avg": 2.3250102,
            "min": 0
        },
        "data_sent": {
            "count": 138641,
            "rate": 3688.781559430218
        },
        "data_received": {
            "count": 114916134,
            "rate": 3057540.813902178
        },
        "http_req_blocked": {
            "min": 0.001991,
            "med": 0.002264,
            "max": 26.789839,
            "p(90)": 16.0748226,
            "p(95)": 21.432330799999995,
            "avg": 5.3596782
        },
        "http_req_waiting": {
            "avg": 6246.1069768,
            "min": 6155.685047,
            "med": 6246.358413,
            "max": 6336.971906,
            "p(90)": 6318.711061999999,
            "p(95)": 6327.841484
        },
        "http_req_sending": {
            "avg": 0.10315540000000001,
            "min": 0.074879,
            "med": 0.097564,
            "max": 0.156053,
            "p(90)": 0.1384394,
            "p(95)": 0.1472462
        },
        "iterations": {
            "count": 5,
            "rate": 0.13303357446318975
        },
        "http_req_duration{expected_response:true}": {
            "med": 6498.9553,
            "max": 6600.494715,
            "p(90)": 6586.411134999999,
            "p(95)": 6593.452925,
            "avg": 6510.419450799999,
            "min": 6436.203904
        },
        "iteration_duration": {
            "max": 7628.315384,
            "p(90)": 7603.587884400001,
            "p(95)": 7615.951634200001,
            "avg": 7516.819027199999,
            "min": 7437.258681,
            "med": 7500.123847
        },
        "http_req_receiving": {
            "avg": 264.2093186,
            "min": 204.687138,
            "med": 280.443978,
            "max": 309.018866,
            "p(90)": 304.8745252,
            "p(95)": 306.9466956
        },
        "http_req_failed": {
            "passes": 0,
            "fails": 5,
            "value": 0
        },
        "vus_max": {
            "max": 1,
            "value": 1,
            "min": 1
        }
    },
    "root_group": {
        "groups": {},
        "checks": {},
        "name": "",
        "path": "",
        "id": "d41d8cd98f00b204e9800998ecf8427e"
    }
}