{
    "root_group": {
        "name": "",
        "path": "",
        "id": "d41d8cd98f00b204e9800998ecf8427e",
        "groups": {},
        "checks": {}
    },
    "metrics": {
        "http_req_duration": {
            "max": 10986.158667,
            "p(90)": 10816.3941238,
            "p(95)": 10901.2763954,
            "avg": 10353.2057684,
            "min": 9739.630577,
            "med": 10445.878594
        },
        "data_received": {
            "count": 174395834,
            "rate": 3070370.975720258
        },
        "http_reqs": {
            "count": 5,
            "rate": 0.08802879361557048
        },
        "http_req_failed": {
            "passes": 0,
            "fails": 5,
            "value": 0
        },
        "vus_max": {
            "value": 1,
            "min": 1,
            "max": 1
        },
        "iterations": {
            "count": 5,
            "rate": 0.08802879361557048
        },
        "http_req_sending": {
            "max": 0.163141,
            "p(90)": 0.143263,
            "p(95)": 0.153202,
            "avg": 0.11273359999999999,
            "min": 0.08491,
            "med": 0.102155
        },
        "vus": {
            "max": 1,
            "value": 1,
            "min": 1
        },
        "iteration_duration": {
            "avg": 11359.849096000002,
            "min": 10740.984872,
            "med": 11446.657414,
            "max": 12016.394151,
            "p(90)": 11834.7565182,
            "p(95)": 11925.5753346
        },
        "http_req_connecting": {
            "avg": 2.3075924,
            "min": 0,
            "med": 0,
            "max": 11.537962,
            "p(90)": 6.922777200000001,
            "p(95)": 9.230369599999998
        },
        "http_req_receiving": {
            "med": 378.09641,
            "max": 614.492184,
            "p(90)": 577.2733452,
            "p(95)": 595.8827646,
            "avg": 444.2064297999999,
            "min": 333.414198
        },
        "http_req_tls_handshaking": {
            "p(90)": 9.763380000000002,
            "p(95)": 13.017839999999998,
            "avg": 3.2544600000000004,
            "min": 0,
            "med": 0,
            "max": 16.2723
        },
        "http_req_waiting": {
            "max": 10464.550439,
            "p(90)": 10352.149761,
            "p(95)": 10408.3501,
            "avg": 9908.886605000002,
            "min": 9125.038377,
            "med": 10112.35095
        },
        "http_req_duration{expected_response:true}": {
            "avg": 10353.2057684,
            "min": 9739.630577,
            "med": 10445.878594,
            "max": 10986.158667,
            "p(90)": 10816.3941238,
            "p(95)": 10901.2763954
        },
        "data_sent": {
            "count": 193073,
            "rate": 3399.196653947808
        },
        "http_req_blocked": {
            "med": 0.002068,
            "max": 29.614632,
            "p(90)": 17.769805200000004,
            "p(95)": 23.692218599999997,
            "avg": 5.9246558,
            "min": 0.001987
        }
    }
}