{
    "root_group": {
        "checks": {},
        "name": "",
        "path": "",
        "id": "d41d8cd98f00b204e9800998ecf8427e",
        "groups": {}
    },
    "metrics": {
        "http_req_sending": {
            "avg": 0.09618899999999998,
            "min": 0.057377,
            "med": 0.094779,
            "max": 0.139118,
            "p(90)": 0.12595060000000002,
            "p(95)": 0.13647379999999995
        },
        "http_req_tls_handshaking": {
            "avg": 2.99201644,
            "min": 0,
            "med": 0,
            "max": 15.811411,
            "p(90)": 14.8041608,
            "p(95)": 15.239573199999999
        },
        "data_sent": {
            "count": 3380782,
            "rate": 12715.973552436582
        },
        "vus_max": {
            "min": 5,
            "max": 5,
            "value": 5
        },
        "data_received": {
            "count": 2747383571,
            "rate": 10333602.352128819
        },
        "http_req_duration": {
            "min": 47381.24242,
            "med": 49603.86917,
            "max": 60219.688488,
            "p(90)": 58908.8476962,
            "p(95)": 59743.6958186,
            "avg": 51734.46730236002
        },
        "vus": {
            "value": 2,
            "min": 2,
            "max": 5
        },
        "http_reqs": {
            "count": 25,
            "rate": 0.0940313036483614
        },
        "http_req_waiting": {
            "p(90)": 57952.613364,
            "p(95)": 58806.21069679999,
            "avg": 50889.20350895999,
            "min": 46596.16089,
            "med": 48437.226823,
            "max": 59086.240697
        },
        "http_req_receiving": {
            "max": 1294.449431,
            "p(90)": 1173.8125958,
            "p(95)": 1257.8320889999998,
            "avg": 845.1676044000003,
            "min": 540.085492,
            "med": 840.613445
        },
        "iterations": {
            "count": 25,
            "rate": 0.0940313036483614
        },
        "http_req_failed": {
            "fails": 25,
            "passes": 0,
            "value": 0
        },
        "http_req_connecting": {
            "max": 11.659806,
            "p(90)": 11.4407664,
            "p(95)": 11.5132984,
            "avg": 2.27821576,
            "min": 0,
            "med": 0
        },
        "iteration_duration": {
            "avg": 52740.95886192001,
            "min": 48382.005567,
            "med": 50606.960172,
            "max": 61247.907159,
            "p(90)": 59936.5078344,
            "p(95)": 60771.7570852
        },
        "http_req_blocked": {
            "p(90)": 27.079264600000002,
            "p(95)": 27.1354106,
            "avg": 5.434742320000002,
            "min": 0.001775,
            "med": 0.002056,
            "max": 28.186822
        },
        "http_req_duration{expected_response:true}": {
            "p(90)": 58908.8476962,
            "p(95)": 59743.6958186,
            "avg": 51734.46730236002,
            "min": 47381.24242,
            "med": 49603.86917,
            "max": 60219.688488
        }
    }
}