{
    "root_group": {
        "name": "",
        "path": "",
        "id": "d41d8cd98f00b204e9800998ecf8427e",
        "groups": {},
        "checks": {}
    },
    "metrics": {
        "http_req_duration": {
            "avg": 578015.50099095,
            "min": 334423.442314,
            "med": 600074.548018,
            "max": 600096.431912,
            "p(90)": 600092.9773323,
            "p(95)": 600093.39112255
        },
        "http_req_sending": {
            "p(90)": 0.13251340000000003,
            "p(95)": 0.14103995,
            "avg": 0.0911217,
            "min": 0.044504,
            "med": 0.09045500000000001,
            "max": 0.153864
        },
        "vus_max": {
            "min": 5,
            "max": 5,
            "value": 5
        },
        "http_req_tls_handshaking": {
            "med": 0,
            "max": 18.497821,
            "p(90)": 14.3098841,
            "p(95)": 14.640144600000003,
            "avg": 3.7347274999999995,
            "min": 0
        },
        "http_req_failed": {
            "passes": 18,
            "fails": 2,
            "value": 0.9
        },
        "http_req_receiving": {
            "p(95)": 8629.854220500001,
            "avg": 904.3956512999999,
            "min": 0.032943,
            "med": 0.07621149999999999,
            "max": 9502.731976,
            "p(90)": 858.5102798000122
        },
        "data_sent": {
            "rate": 832.9085565877857,
            "count": 2023968
        },
        "dropped_iterations": {
            "count": 4,
            "rate": 0.0016460903662267104
        },
        "http_req_connecting": {
            "avg": 2.7996404000000004,
            "min": 0,
            "med": 0,
            "max": 11.482338,
            "p(90)": 11.0844515,
            "p(95)": 11.4383473
        },
        "iteration_duration": {
            "avg": 579026.5223634501,
            "min": 335424.830578,
            "med": 601082.714999,
            "max": 601132.1842,
            "p(90)": 601120.7884694,
            "p(95)": 601125.96992415
        },
        "iterations": {
            "rate": 0.008230451831133552,
            "count": 20
        },
        "http_req_waiting": {
            "min": 325839.419204,
            "med": 600074.4130535,
            "max": 600096.298914,
            "p(90)": 600092.8111586,
            "p(95)": 600093.29291545,
            "avg": 577111.0142179499
        },
        "data_received": {
            "count": 1803898117,
            "rate": 742344.8280120508
        },
        "http_req_duration{expected_response:true}": {
            "med": 379440.614482,
            "max": 424457.78665,
            "p(90)": 415454.35221640003,
            "p(95)": 419956.0694332,
            "avg": 379440.614482,
            "min": 334423.442314
        },
        "http_req_blocked": {
            "avg": 10.1595567,
            "min": 0.001478,
            "med": 0.00263,
            "max": 44.444791,
            "p(90)": 39.866719700000004,
            "p(95)": 40.1017596
        },
        "vus": {
            "max": 5,
            "value": 1,
            "min": 1
        },
        "http_reqs": {
            "count": 20,
            "rate": 0.008230451831133552
        }
    }
}