{
    "metrics": {
        "http_req_receiving": {
            "avg": 860.0287347600001,
            "min": 0.055183,
            "med": 0.131698,
            "max": 6422.984443,
            "p(90)": 3958.6999834000003,
            "p(95)": 4557.589200599999
        },
        "http_req_duration": {
            "avg": 251990.6319196799,
            "min": 48.742848,
            "med": 273174.943681,
            "max": 599374.91322,
            "p(90)": 599370.9554192,
            "p(95)": 599373.7571088
        },
        "http_reqs": {
            "rate": 0.018880453941546492,
            "count": 25
        },
        "http_req_sending": {
            "avg": 0.10128796000000001,
            "min": 0.041173,
            "med": 0.096837,
            "max": 0.187554,
            "p(90)": 0.1506168,
            "p(95)": 0.17412799999999992
        },
        "http_req_failed": {
            "fails": 5,
            "passes": 20,
            "value": 0.8
        },
        "http_req_tls_handshaking": {
            "avg": 3.01979584,
            "min": 0,
            "med": 0,
            "max": 15.646491,
            "p(90)": 14.9500384,
            "p(95)": 15.409408399999998
        },
        "http_req_waiting": {
            "avg": 251130.50189695996,
            "min": 48.48311,
            "med": 269121.044597,
            "max": 599374.755387,
            "p(90)": 599370.7789572,
            "p(95)": 599373.5669052
        },
        "data_received": {
            "count": 2527744999,
            "rate": 1908998.9211837593
        },
        "vus_max": {
            "value": 5,
            "min": 5,
            "max": 5
        },
        "iteration_duration": {
            "min": 1049.441639,
            "med": 274175.814273,
            "max": 600375.650453,
            "p(90)": 600371.7192852,
            "p(95)": 600374.3191760001,
            "avg": 252999.61602275996
        },
        "vus": {
            "value": 1,
            "min": 1,
            "max": 5
        },
        "data_sent": {
            "count": 3016451,
            "rate": 2278.0785668972744
        },
        "http_req_blocked": {
            "p(90)": 41.1422996,
            "p(95)": 41.6250068,
            "avg": 8.23064916,
            "min": 0.001749,
            "med": 0.002183,
            "max": 41.85502
        },
        "http_req_duration{expected_response:true}": {
            "min": 268725.1876,
            "med": 275439.677739,
            "max": 367169.897,
            "p(90)": 331494.878406,
            "p(95)": 349332.387703,
            "avg": 292498.411307
        },
        "iterations": {
            "count": 25,
            "rate": 0.018880453941546492
        },
        "http_req_connecting": {
            "avg": 2.31125692,
            "min": 0,
            "med": 0,
            "max": 11.73464,
            "p(90)": 11.6866,
            "p(95)": 11.719578799999999
        }
    },
    "root_group": {
        "path": "",
        "id": "d41d8cd98f00b204e9800998ecf8427e",
        "groups": {},
        "checks": {},
        "name": ""
    }
}