{
    "root_group": {
        "name": "",
        "path": "",
        "id": "d41d8cd98f00b204e9800998ecf8427e",
        "groups": {},
        "checks": {}
    },
    "metrics": {
        "http_reqs": {
            "count": 5,
            "rate": 0.004567227151424115
        },
        "http_req_failed": {
            "fails": 5,
            "passes": 0,
            "value": 0
        },
        "data_received": {
            "rate": 3215556.389227381,
            "count": 3520250124
        },
        "data_sent": {
            "rate": 4824.5292005630345,
            "count": 5281683
        },
        "http_req_receiving": {
            "avg": 6029.407381999999,
            "min": 5060.111146,
            "med": 5506.90799,
            "max": 8637.527738,
            "p(90)": 7474.289953200001,
            "p(95)": 8055.9088456
        },
        "iterations": {
            "count": 5,
            "rate": 0.004567227151424115
        },
        "vus_max": {
            "max": 1,
            "value": 1,
            "min": 1
        },
        "http_req_sending": {
            "avg": 0.1533136,
            "min": 0.101906,
            "med": 0.148994,
            "max": 0.208912,
            "p(90)": 0.19367879999999998,
            "p(95)": 0.20129539999999999
        },
        "http_req_waiting": {
            "med": 213493.081769,
            "max": 221863.813311,
            "p(90)": 218875.73987340002,
            "p(95)": 220369.7765922,
            "avg": 211912.3733356,
            "min": 198220.959683
        },
        "http_req_duration": {
            "p(95)": 226502.9514392,
            "avg": 217941.93403120004,
            "min": 203434.165437,
            "med": 219222.723957,
            "max": 227370.857228,
            "p(90)": 225635.0456504
        },
        "http_req_duration{expected_response:true}": {
            "max": 227370.857228,
            "p(90)": 225635.0456504,
            "p(95)": 226502.9514392,
            "avg": 217941.93403120004,
            "min": 203434.165437,
            "med": 219222.723957
        },
        "http_req_tls_handshaking": {
            "avg": 3.0216348,
            "min": 0,
            "med": 0,
            "max": 15.108174,
            "p(90)": 9.064904400000001,
            "p(95)": 12.086539199999997
        },
        "vus": {
            "value": 1,
            "min": 1,
            "max": 1
        },
        "http_req_connecting": {
            "max": 11.643268,
            "p(90)": 6.985960800000002,
            "p(95)": 9.314614399999998,
            "avg": 2.3286536,
            "min": 0,
            "med": 0
        },
        "http_req_blocked": {
            "max": 42.397888,
            "p(90)": 25.440912400000006,
            "p(95)": 33.91940019999999,
            "avg": 8.4819784,
            "min": 0.001684,
            "med": 0.002524
        },
        "iteration_duration": {
            "min": 204434.628368,
            "med": 220223.413941,
            "max": 228371.51768,
            "p(90)": 226652.7637912,
            "p(95)": 227512.1407356,
            "avg": 218951.15394000002
        }
    }
}