{
    "metrics": {
        "http_req_duration": {
            "med": 17785.377766,
            "max": 60040.623111,
            "p(90)": 59087.906238,
            "p(95)": 59769.9424852,
            "avg": 25937.864889279994,
            "min": 14415.061423
        },
        "vus": {
            "value": 3,
            "min": 3,
            "max": 5
        },
        "vus_max": {
            "value": 5,
            "min": 5,
            "max": 5
        },
        "http_req_blocked": {
            "avg": 8.147428639999998,
            "min": 0.001764,
            "med": 0.002087,
            "max": 42.293496,
            "p(90)": 40.06386740000001,
            "p(95)": 41.37640379999999
        },
        "data_received": {
            "count": 871979360,
            "rate": 6447537.216491869
        },
        "http_req_failed": {
            "passes": 0,
            "fails": 25,
            "value": 0
        },
        "iterations": {
            "count": 25,
            "rate": 0.1848534928765937
        },
        "http_reqs": {
            "count": 25,
            "rate": 0.1848534928765937
        },
        "iteration_duration": {
            "min": 15458.02313,
            "med": 18786.742329,
            "max": 61041.346831,
            "p(90)": 60088.5201664,
            "p(95)": 60771.2612432,
            "avg": 26946.909151480002
        },
        "data_sent": {
            "count": 979848,
            "rate": 7245.133011525782
        },
        "http_req_connecting": {
            "min": 0,
            "med": 0,
            "max": 12.377215,
            "p(90)": 11.0359656,
            "p(95)": 11.556636399999999,
            "avg": 2.28058968
        },
        "http_req_waiting": {
            "p(90)": 58671.3281482,
            "p(95)": 59360.8958594,
            "avg": 25589.170026599997,
            "min": 13873.396928,
            "med": 17546.897342,
            "max": 59739.534043
        },
        "http_req_receiving": {
            "max": 541.591677,
            "p(90)": 496.46827300000007,
            "p(95)": 535.2781626,
            "avg": 348.6052815199999,
            "min": 238.419042,
            "med": 318.403526
        },
        "http_req_duration{expected_response:true}": {
            "avg": 25937.864889279994,
            "min": 14415.061423,
            "med": 17785.377766,
            "max": 60040.623111,
            "p(90)": 59087.906238,
            "p(95)": 59769.9424852
        },
        "http_req_sending": {
            "avg": 0.08958115999999997,
            "min": 0.042022,
            "med": 0.079327,
            "max": 0.177253,
            "p(90)": 0.15754660000000004,
            "p(95)": 0.1747018
        },
        "http_req_tls_handshaking": {
            "avg": 2.9891360799999998,
            "min": 0,
            "med": 0,
            "max": 15.649605,
            "p(90)": 14.743141600000001,
            "p(95)": 15.454107999999998
        }
    },
    "root_group": {
        "id": "d41d8cd98f00b204e9800998ecf8427e",
        "groups": {},
        "checks": {},
        "name": "",
        "path": ""
    }
}