{
    "root_group": {
        "name": "",
        "path": "",
        "id": "d41d8cd98f00b204e9800998ecf8427e",
        "groups": {},
        "checks": {}
    },
    "metrics": {
        "http_req_connecting": {
            "p(95)": 11.4964988,
            "avg": 2.2580146400000003,
            "min": 0,
            "med": 0,
            "max": 11.564256,
            "p(90)": 11.2750444
        },
        "http_reqs": {
            "count": 25,
            "rate": 0.6515844286223973
        },
        "http_req_duration": {
            "avg": 6443.85643152,
            "min": 3916.501508,
            "med": 5229.173177,
            "max": 12530.909407,
            "p(90)": 11735.209696400001,
            "p(95)": 11937.98692
        },
        "data_received": {
            "rate": 3451943.213444152,
            "count": 132444203
        },
        "http_req_failed": {
            "passes": 0,
            "fails": 25,
            "value": 0
        },
        "http_req_receiving": {
            "max": 298.51918,
            "p(90)": 155.7138038,
            "p(95)": 163.59874699999997,
            "avg": 130.99244295999998,
            "min": 103.760688,
            "med": 118.220344
        },
        "http_req_sending": {
            "avg": 0.09042808000000001,
            "min": 0.04264,
            "med": 0.0933,
            "max": 0.184813,
            "p(90)": 0.13228040000000005,
            "p(95)": 0.1433568
        },
        "iterations": {
            "count": 25,
            "rate": 0.6515844286223973
        },
        "http_req_waiting": {
            "p(90)": 11611.6075024,
            "p(95)": 11680.800877599999,
            "avg": 6312.77356048,
            "min": 3760.661239,
            "med": 5084.805495,
            "max": 12412.570096
        },
        "http_req_duration{expected_response:true}": {
            "min": 3916.501508,
            "med": 5229.173177,
            "max": 12530.909407,
            "p(90)": 11735.209696400001,
            "p(95)": 11937.98692,
            "avg": 6443.85643152
        },
        "vus": {
            "value": 1,
            "min": 1,
            "max": 5
        },
        "vus_max": {
            "value": 5,
            "min": 5,
            "max": 5
        },
        "data_sent": {
            "rate": 5144.832458271015,
            "count": 197397
        },
        "iteration_duration": {
            "avg": 7452.83038656,
            "min": 4917.763983,
            "med": 6229.992304,
            "max": 13572.140213,
            "p(90)": 12776.9830446,
            "p(95)": 12979.413159
        },
        "http_req_tls_handshaking": {
            "max": 15.198254,
            "p(90)": 14.600014600000002,
            "p(95)": 14.929052599999999,
            "avg": 2.92629272,
            "min": 0,
            "med": 0
        },
        "http_req_blocked": {
            "avg": 8.082164479999998,
            "min": 0.001282,
            "med": 0.00228,
            "max": 41.06863,
            "p(90)": 40.397314200000004,
            "p(95)": 40.743263
        }
    }
}