{
    "metrics": {
        "data_received": {
            "count": 2527703583,
            "rate": 3320663.1030534506
        },
        "http_req_receiving": {
            "avg": 4019.299909,
            "min": 2552.682437,
            "med": 3887.892728,
            "max": 5910.322157,
            "p(90)": 5128.9519074,
            "p(95)": 5519.637032199999
        },
        "http_req_blocked": {
            "avg": 7.8847178000000016,
            "min": 0.001958,
            "med": 0.002591,
            "max": 39.411678,
            "p(90)": 23.648980800000004,
            "p(95)": 31.530329399999992
        },
        "http_req_failed": {
            "passes": 0,
            "fails": 5,
            "value": 0
        },
        "vus_max": {
            "value": 1,
            "min": 1,
            "max": 1
        },
        "vus": {
            "max": 1,
            "value": 1,
            "min": 1
        },
        "http_reqs": {
            "count": 5,
            "rate": 0.006568537397712449
        },
        "http_req_duration": {
            "med": 152421.482756,
            "max": 153044.878847,
            "p(90)": 153014.11381460002,
            "p(95)": 153029.4963308,
            "avg": 151231.91302140002,
            "min": 145402.541612
        },
        "http_req_tls_handshaking": {
            "p(90)": 8.538199200000001,
            "p(95)": 11.384265599999997,
            "avg": 2.8460664,
            "min": 0,
            "med": 0,
            "max": 14.230332
        },
        "iteration_duration": {
            "avg": 152240.8086352,
            "min": 146403.112917,
            "med": 153422.6995,
            "max": 154045.640778,
            "p(90)": 154030.8998652,
            "p(95)": 154038.2703216
        },
        "http_req_connecting": {
            "med": 0,
            "max": 11.02372,
            "p(90)": 6.614232000000001,
            "p(95)": 8.818976,
            "avg": 2.2047440000000003,
            "min": 0
        },
        "iterations": {
            "count": 5,
            "rate": 0.006568537397712449
        },
        "http_req_sending": {
            "avg": 0.14236520000000003,
            "min": 0.110056,
            "med": 0.128864,
            "max": 0.182391,
            "p(90)": 0.1805802,
            "p(95)": 0.1814856
        },
        "http_req_duration{expected_response:true}": {
            "p(90)": 153014.11381460002,
            "p(95)": 153029.4963308,
            "avg": 151231.91302140002,
            "min": 145402.541612,
            "med": 152421.482756,
            "max": 153044.878847
        },
        "http_req_waiting": {
            "p(90)": 149708.7732734,
            "p(95)": 150100.4285162,
            "avg": 147212.4707472,
            "min": 141514.52002,
            "med": 148464.476167,
            "max": 150492.083759
        },
        "data_sent": {
            "count": 3239754,
            "rate": 4256.0890616777
        }
    },
    "root_group": {
        "path": "",
        "id": "d41d8cd98f00b204e9800998ecf8427e",
        "groups": {},
        "checks": {},
        "name": ""
    }
}