{
    "root_group": {
        "id": "d41d8cd98f00b204e9800998ecf8427e",
        "groups": {},
        "checks": {},
        "name": "",
        "path": ""
    },
    "metrics": {
        "http_req_receiving": {
            "med": 616.847919,
            "max": 6521.377731,
            "p(90)": 2586.0335126000014,
            "p(95)": 3903.7510193999965,
            "avg": 1158.2784967199998,
            "min": 194.726089
        },
        "http_req_tls_handshaking": {
            "min": 0,
            "med": 0,
            "max": 18.583106,
            "p(90)": 14.677897,
            "p(95)": 15.1840938,
            "avg": 3.0838768400000003
        },
        "http_req_failed": {
            "passes": 0,
            "fails": 25,
            "value": 0
        },
        "vus_max": {
            "value": 5,
            "min": 5,
            "max": 5
        },
        "http_req_duration{expected_response:true}": {
            "avg": 68746.50389379999,
            "min": 9477.665474,
            "med": 33208.314357,
            "max": 198098.475275,
            "p(90)": 175621.59271780003,
            "p(95)": 188826.54175699997
        },
        "http_req_blocked": {
            "med": 0.002526,
            "max": 30.737554,
            "p(90)": 26.483906,
            "p(95)": 27.410776799999994,
            "avg": 5.48065332,
            "min": 0.001885
        },
        "http_req_duration": {
            "min": 9477.665474,
            "med": 33208.314357,
            "max": 198098.475275,
            "p(90)": 175621.59271780003,
            "p(95)": 188826.54175699997,
            "avg": 68746.50389379999
        },
        "data_received": {
            "count": 574611467,
            "rate": 1646139.0941952306
        },
        "http_req_connecting": {
            "avg": 2.25131064,
            "min": 0,
            "med": 0,
            "max": 11.622673,
            "p(90)": 11.2180122,
            "p(95)": 11.4446662
        },
        "iteration_duration": {
            "avg": 69752.91698896,
            "min": 10478.406786,
            "med": 34235.846626,
            "max": 199098.938266,
            "p(90)": 176622.58772620003,
            "p(95)": 189827.80016699998
        },
        "data_sent": {
            "count": 688117,
            "rate": 1971.308197161926
        },
        "http_req_sending": {
            "p(90)": 0.16475740000000005,
            "p(95)": 0.19920659999999996,
            "avg": 0.10811704000000003,
            "min": 0.048448,
            "med": 0.098302,
            "max": 0.215104
        },
        "iterations": {
            "rate": 0.07161965905369022,
            "count": 25
        },
        "http_reqs": {
            "count": 25,
            "rate": 0.07161965905369022
        },
        "http_req_waiting": {
            "avg": 67588.11728004,
            "min": 9229.251313,
            "med": 32745.311335,
            "max": 196995.793233,
            "p(90)": 173769.70736320002,
            "p(95)": 187452.36807079997
        },
        "vus": {
            "value": 2,
            "min": 2,
            "max": 5
        }
    }
}