{
    "root_group": {
        "name": "",
        "path": "",
        "id": "d41d8cd98f00b204e9800998ecf8427e",
        "groups": {},
        "checks": {}
    },
    "metrics": {
        "http_req_waiting": {
            "p(90)": 32717.0414652,
            "p(95)": 32893.4791996,
            "avg": 31403.267003800003,
            "min": 29136.4732,
            "med": 32020.248547,
            "max": 33069.916934
        },
        "data_received": {
            "rate": 3305822.1812480483,
            "count": 549479303
        },
        "http_req_failed": {
            "passes": 0,
            "fails": 5,
            "value": 0
        },
        "vus": {
            "max": 1,
            "value": 1,
            "min": 1
        },
        "http_req_duration{expected_response:true}": {
            "min": 29823.447126,
            "med": 32758.635267,
            "max": 33775.506477,
            "p(90)": 33677.076775,
            "p(95)": 33726.291626000006,
            "avg": 32233.7610764
        },
        "http_req_tls_handshaking": {
            "p(95)": 12.124415199999998,
            "avg": 3.0311038,
            "min": 0,
            "med": 0,
            "max": 15.155519,
            "p(90)": 9.093311400000001
        },
        "http_reqs": {
            "rate": 0.030081407645376302,
            "count": 5
        },
        "data_sent": {
            "count": 640599,
            "rate": 3854.0239312440826
        },
        "iteration_duration": {
            "avg": 33243.044818,
            "min": 30824.732279,
            "med": 33759.686988,
            "max": 34776.9213,
            "p(90)": 34694.545968,
            "p(95)": 34735.733634000004
        },
        "vus_max": {
            "value": 1,
            "min": 1,
            "max": 1
        },
        "http_req_blocked": {
            "min": 0.001998,
            "med": 0.002181,
            "max": 41.117005,
            "p(90)": 24.671113800000004,
            "p(95)": 32.89405939999999,
            "avg": 8.2251218
        },
        "iterations": {
            "count": 5,
            "rate": 0.030081407645376302
        },
        "http_req_sending": {
            "avg": 0.13465639999999998,
            "min": 0.110745,
            "med": 0.133374,
            "max": 0.165231,
            "p(90)": 0.1526006,
            "p(95)": 0.1589158
        },
        "http_req_receiving": {
            "min": 679.682559,
            "med": 705.459266,
            "max": 1341.538729,
            "p(90)": 1100.2336274000002,
            "p(95)": 1220.8861782,
            "avg": 830.3594162000002
        },
        "http_req_connecting": {
            "avg": 2.2167022,
            "min": 0,
            "med": 0,
            "max": 11.083511,
            "p(90)": 6.650106600000001,
            "p(95)": 8.866808799999998
        },
        "http_req_duration": {
            "avg": 32233.7610764,
            "min": 29823.447126,
            "med": 32758.635267,
            "max": 33775.506477,
            "p(90)": 33677.076775,
            "p(95)": 33726.291626000006
        }
    }
}