{
    "root_group": {
        "name": "",
        "path": "",
        "id": "d41d8cd98f00b204e9800998ecf8427e",
        "groups": {},
        "checks": {}
    },
    "metrics": {
        "http_req_connecting": {
            "max": 10.289226,
            "p(90)": 6.1735356,
            "p(95)": 8.231380799999998,
            "avg": 2.0578452,
            "min": 0,
            "med": 0
        },
        "iterations": {
            "count": 5,
            "rate": 0.003152500027475751
        },
        "http_req_duration{expected_response:true}": {
            "med": 323655.18866700004,
            "max": 336510.775048,
            "p(90)": 334360.3850806,
            "p(95)": 335435.5800643,
            "avg": 324970.31638075004,
            "min": 316060.113141
        },
        "http_req_receiving": {
            "avg": 11442.835043999998,
            "min": 0.242317,
            "med": 13772.539555,
            "max": 19566.647491,
            "p(90)": 17336.1999614,
            "p(95)": 18451.4237262
        },
        "http_req_failed": {
            "passes": 1,
            "fails": 4,
            "value": 0.2
        },
        "http_req_tls_handshaking": {
            "min": 0,
            "med": 0,
            "max": 13.216823,
            "p(90)": 7.930093800000001,
            "p(95)": 10.573458399999998,
            "avg": 2.6433646
        },
        "data_sent": {
            "count": 6299335,
            "rate": 3971.7307521157923
        },
        "http_req_sending": {
            "p(90)": 0.17527199999999998,
            "p(95)": 0.187958,
            "avg": 0.14629319999999998,
            "min": 0.129686,
            "med": 0.133165,
            "max": 0.200644
        },
        "vus": {
            "max": 1,
            "value": 1,
            "min": 1
        },
        "vus_max": {
            "value": 1,
            "min": 1,
            "max": 1
        },
        "http_req_blocked": {
            "med": 0.002766,
            "max": 37.964434,
            "p(90)": 22.780614000000003,
            "p(95)": 30.372523999999995,
            "avg": 7.595306799999999,
            "min": 0.002203
        },
        "http_reqs": {
            "count": 5,
            "rate": 0.003152500027475751
        },
        "http_req_duration": {
            "min": 281119.487275,
            "med": 317967.568844,
            "max": 336510.775048,
            "p(90)": 333643.5884248,
            "p(95)": 335077.1817364,
            "avg": 316200.15055960004
        },
        "data_received": {
            "count": 4242663002,
            "rate": 2674999.0460750707
        },
        "iteration_duration": {
            "avg": 317208.4946912,
            "min": 282119.998561,
            "med": 319005.958498,
            "max": 337511.555981,
            "p(90)": 334644.490781,
            "p(95)": 336078.02338100004
        },
        "http_req_waiting": {
            "p(95)": 316669.2231492,
            "avg": 304757.16922239994,
            "min": 281119.115272,
            "med": 306175.758737,
            "max": 316943.994392,
            "p(90)": 316394.45190640003
        }
    }
}