{
    "metrics": {
        "vus_max": {
            "value": 5,
            "min": 5,
            "max": 5
        },
        "http_reqs": {
            "count": 25,
            "rate": 0.5953492671597991
        },
        "data_received": {
            "count": 280212500,
            "rate": 6672972.260960609
        },
        "http_req_receiving": {
            "med": 160.081625,
            "max": 338.211937,
            "p(90)": 216.5120212,
            "p(95)": 217.667672,
            "avg": 181.46685951999996,
            "min": 144.578189
        },
        "vus": {
            "min": 5,
            "max": 5,
            "value": 5
        },
        "http_req_blocked": {
            "avg": 5.492729200000001,
            "min": 0.001765,
            "med": 0.002198,
            "max": 29.457044,
            "p(90)": 26.9284192,
            "p(95)": 28.388283999999995
        },
        "http_req_waiting": {
            "max": 12084.97286,
            "p(90)": 11521.531776,
            "p(95)": 11703.607640799999,
            "avg": 7162.5488264000005,
            "min": 4987.467267,
            "med": 6633.305263
        },
        "http_req_connecting": {
            "avg": 2.25258152,
            "min": 0,
            "med": 0,
            "max": 11.542109,
            "p(90)": 11.2407494,
            "p(95)": 11.478381
        },
        "iteration_duration": {
            "avg": 8350.425904759999,
            "min": 6132.430056,
            "med": 7828.416548,
            "max": 13282.721937,
            "p(90)": 12755.779391,
            "p(95)": 13043.1712774
        },
        "http_req_duration": {
            "p(90)": 11728.926781600001,
            "p(95)": 12014.313644,
            "avg": 7344.101634360001,
            "min": 5132.112344,
            "med": 6827.750513,
            "max": 12254.651529
        },
        "http_req_tls_handshaking": {
            "min": 0,
            "med": 0,
            "max": 17.168557,
            "p(90)": 14.862819,
            "p(95)": 16.178169399999998,
            "avg": 3.0864416
        },
        "http_req_sending": {
            "med": 0.078464,
            "max": 0.158229,
            "p(90)": 0.1293172,
            "p(95)": 0.1314184,
            "avg": 0.08594844000000004,
            "min": 0.047975
        },
        "iterations": {
            "count": 25,
            "rate": 0.5953492671597991
        },
        "http_req_duration{expected_response:true}": {
            "min": 5132.112344,
            "med": 6827.750513,
            "max": 12254.651529,
            "p(90)": 11728.926781600001,
            "p(95)": 12014.313644,
            "avg": 7344.101634360001
        },
        "http_req_failed": {
            "fails": 25,
            "passes": 0,
            "value": 0
        },
        "data_sent": {
            "count": 349189,
            "rate": 8315.576610010523
        }
    },
    "root_group": {
        "name": "",
        "path": "",
        "id": "d41d8cd98f00b204e9800998ecf8427e",
        "groups": {},
        "checks": {}
    }
}