{
    "metrics": {
        "http_req_blocked": {
            "avg": 8.904911640000002,
            "min": 0.001767,
            "med": 0.004571,
            "max": 45.315697,
            "p(90)": 44.4795048,
            "p(95)": 44.5212636
        },
        "iteration_duration": {
            "avg": 352534.2238712,
            "min": 1046.599691,
            "med": 558389.764832,
            "max": 601128.166925,
            "p(90)": 601117.2570093999,
            "p(95)": 601118.7215730001
        },
        "http_req_tls_handshaking": {
            "avg": 3.035193,
            "min": 0,
            "med": 0,
            "max": 15.843653,
            "p(90)": 15.0688662,
            "p(95)": 15.2959082
        },
        "http_req_failed": {
            "passes": 25,
            "fails": 0,
            "value": 1
        },
        "http_req_connecting": {
            "avg": 2.2795374400000004,
            "min": 0,
            "med": 0,
            "max": 11.60748,
            "p(90)": 11.3814968,
            "p(95)": 11.5474392
        },
        "iterations": {
            "count": 25,
            "rate": 0.014182752414268635
        },
        "data_received": {
            "count": 56542,
            "rate": 32.07684748030309
        },
        "http_req_duration": {
            "p(95)": 600079.0042532,
            "avg": 351524.57113759994,
            "min": 45.352996,
            "med": 557389.422946,
            "max": 600082.557837,
            "p(90)": 600073.1329440001
        },
        "http_req_sending": {
            "med": 0.08888,
            "max": 0.165259,
            "p(90)": 0.13078340000000005,
            "p(95)": 0.15510739999999995,
            "avg": 0.08866636,
            "min": 0.044651
        },
        "data_sent": {
            "count": 15700,
            "rate": 8.906768516160703
        },
        "http_req_receiving": {
            "avg": 0.08341291999999999,
            "min": 0.033279,
            "med": 0.082144,
            "max": 0.176344,
            "p(90)": 0.12541300000000002,
            "p(95)": 0.14137899999999995
        },
        "http_reqs": {
            "count": 25,
            "rate": 0.014182752414268635
        },
        "vus": {
            "value": 5,
            "min": 5,
            "max": 5
        },
        "http_req_waiting": {
            "max": 600082.446817,
            "p(90)": 600072.9772452,
            "p(95)": 600078.8918852,
            "avg": 351524.3990583199,
            "min": 45.167206,
            "med": 557389.314966
        },
        "vus_max": {
            "max": 5,
            "value": 5,
            "min": 5
        }
    },
    "root_group": {
        "checks": {},
        "name": "",
        "path": "",
        "id": "d41d8cd98f00b204e9800998ecf8427e",
        "groups": {}
    }
}